,lvl3_rate,lvl4_rate,lvl5_rate,lvl6_clb_rate,lvl6_wbs_rate
1.0,0.20187793427230047,0.06140350877192982,0.07657657657657657,0.10550458715596331,0.25510204081632654
2.0,0.19248826291079812,0.15789473684210525,0.13513513513513514,0.12385321100917432,0.12244897959183673
3.0,0.3145539906103286,0.25,0.31981981981981983,0.26605504587155965,0.25510204081632654
4.0,0.19718309859154928,0.34649122807017546,0.2972972972972973,0.27522935779816515,0.2755102040816326
5.0,0.09389671361502347,0.18421052631578946,0.17117117117117117,0.22935779816513763,0.09183673469387756
