,lvl3_rate,lvl4_rate,lvl5_rate,lvl6_clb_rate,lvl6_wbs_rate
1.0,0.19902912621359223,0.06334841628959276,0.07906976744186046,0.09905660377358491,0.24210526315789474
2.0,0.18446601941747573,0.1583710407239819,0.13488372093023257,0.12264150943396226,0.12631578947368421
3.0,0.32038834951456313,0.248868778280543,0.31627906976744186,0.2688679245283019,0.2578947368421053
4.0,0.19902912621359223,0.3574660633484163,0.2930232558139535,0.27358490566037735,0.2789473684210526
5.0,0.0970873786407767,0.17194570135746606,0.17674418604651163,0.2358490566037736,0.09473684210526316
