is_alone,count
no,0.5743801652892562
yes,0.4256198347107438
