acceptance_alternate_seat,count
no,0.09865470852017937
yes,0.9013452914798207
