exam_amt_time,count
0,0.04132231404958678
up to 1 hour,0.09090909090909091
up to 2 hours,0.09090909090909091
up to 4 hours,0.19421487603305784
up to 6 hours,0.2396694214876033
more than 6 hours,0.34297520661157027
