usual_amt_time,count
0,0.008264462809917356
up to 1 hour,0.17355371900826447
up to 2 hours,0.19834710743801653
up to 4 hours,0.3677685950413223
up to 6 hours,0.16115702479338842
more than 6 hours,0.09090909090909091
