,privacy,comfort,crowd_level,scenery,lighting,ease to find seats
1,0.06611570247933884,0.004132231404958678,0.028925619834710745,0.17768595041322313,0.01652892561983471,0.045454545454545456
2,0.10743801652892562,0.03305785123966942,0.05371900826446281,0.19834710743801653,0.0743801652892562,0.0371900826446281
3,0.23140495867768596,0.1487603305785124,0.21074380165289255,0.30991735537190085,0.256198347107438,0.0743801652892562
4,0.32231404958677684,0.4380165289256198,0.3512396694214876,0.21074380165289255,0.39669421487603307,0.371900826446281
5,0.2727272727272727,0.3760330578512397,0.35537190082644626,0.10330578512396695,0.256198347107438,0.47107438016528924
