,discussion cubicles,windowed seats,diagonal seats,cubicle seats,4-man tables,8-man tables,soft seats,sofa,moveable seats
1.0,0.07024793388429752,0.0743801652892562,0.08264462809917356,0.04132231404958678,0.11983471074380166,0.15289256198347106,0.08677685950413223,0.1322314049586777,0.1652892561983471
2.0,0.1322314049586777,0.1322314049586777,0.11983471074380166,0.06611570247933884,0.11983471074380166,0.19008264462809918,0.12396694214876033,0.13636363636363635,0.17768595041322313
3.0,0.3925619834710744,0.39669421487603307,0.4132231404958678,0.3347107438016529,0.45867768595041325,0.4380165289256198,0.3884297520661157,0.43388429752066116,0.4628099173553719
4.0,0.2231404958677686,0.256198347107438,0.26859504132231404,0.34297520661157027,0.2066115702479339,0.15289256198347106,0.2809917355371901,0.21074380165289255,0.1322314049586777
5.0,0.18181818181818182,0.14049586776859505,0.11570247933884298,0.21487603305785125,0.09504132231404959,0.06611570247933884,0.11983471074380166,0.08677685950413223,0.06198347107438017
