{"d_cubicle":{"overall":3.3333333333,"privacy":4.1176470588,"crowd_level":3.3835616438,"comfort":3.5900900901,"scenery":2.509009009,"lighting":3.2714932127,"ease_find":2.1576576577,"num_seats":2.0},
"window_seat":{"overall":3.2711111111,"privacy":2.7918552036,"crowd_level":3.0967741935,"comfort":3.0913242009,"scenery":3.7064220183,"lighting":3.6621004566,"ease_find":3.1917808219,"num_seats":1.0},
"diagonal_seat":{"overall":3.2227272727,"privacy":3.6543778802,"crowd_level":3.4093023256,"comfort":3.212962963,"scenery":2.462962963,"lighting":3.4562211982,"ease_find":2.8867924528,"num_seats":1.0},
"cubicle":{"overall":3.7095238095,"privacy":4.0526315789,"crowd_level":3.4449760766,"comfort":3.6618357488,"scenery":2.5980861244,"lighting":3.5748792271,"ease_find":2.5240384615,"num_seats":1.0},
"4_man_seat":{"overall":3.0588235294,"privacy":2.425,"crowd_level":3.25,"comfort":2.9798994975,"scenery":2.755,"lighting":3.443877551,"ease_find":3.152284264,"num_seats":4.0},
"8_man_seat":{"overall":2.7475247525,"privacy":2.2964824121,"crowd_level":3.0703517588,"comfort":2.803030303,"scenery":2.702020202,"lighting":3.3928571429,"ease_find":3.1128205128,"num_seats":8.0},
"soft_seat":{"overall":3.2710280374,"privacy":2.8056872038,"crowd_level":3.1943127962,"comfort":3.5687203791,"scenery":2.9282296651,"lighting":3.5358851675,"ease_find":2.8605769231,"num_seats":4.0},
"sofa":{"overall":2.9852216749,"privacy":2.775,"crowd_level":3.0552763819,"comfort":3.425,"scenery":2.8994974874,"lighting":3.3969849246,"ease_find":2.743718593,"num_seats":1.0},
"movable_seat":{"overall":2.6699507389,"privacy":2.35,"crowd_level":2.959798995,"comfort":2.6915422886,"scenery":2.585,"lighting":3.2864321608,"ease_find":3.0301507538,"num_seats":5.0}}