{"discussion_cubicle":{"overall":3.3534883721,"privacy":4.1121495327,"crowd_level":3.3867924528,"comfort":3.6139534884,"scenery":2.5395348837,"lighting":3.2990654206,"ease_find":2.1488372093},"window_seat":{"overall":3.2831050228,"privacy":2.8,"crowd_level":3.1184834123,"comfort":3.103286385,"scenery":3.7075471698,"lighting":3.676056338,"ease_find":3.2112676056},"diagonal_seat":{"overall":3.2418604651,"privacy":3.6650943396,"crowd_level":3.4238095238,"comfort":3.2322274882,"scenery":2.4597156398,"lighting":3.4811320755,"ease_find":2.9082125604},"cubicle":{"overall":3.7330097087,"privacy":4.0780487805,"crowd_level":3.4731707317,"comfort":3.6896551724,"scenery":2.6195121951,"lighting":3.60591133,"ease_find":2.5343137255},"4_man_seat":{"overall":3.0456852792,"privacy":2.4041450777,"crowd_level":3.2642487047,"comfort":2.9635416667,"scenery":2.7512953368,"lighting":3.455026455,"ease_find":3.1684210526},"8_man_seat":{"overall":2.7384615385,"privacy":2.2916666667,"crowd_level":3.0833333333,"comfort":2.7958115183,"scenery":2.7120418848,"lighting":3.3968253968,"ease_find":3.1223404255},"soft_seat":{"overall":3.2608695652,"privacy":2.7990196078,"crowd_level":3.2107843137,"comfort":3.5490196078,"scenery":2.9306930693,"lighting":3.5297029703,"ease_find":2.8756218905},"sofa":{"overall":2.9797979798,"privacy":2.7743589744,"crowd_level":3.0567010309,"comfort":3.4153846154,"scenery":2.9020618557,"lighting":3.3865979381,"ease_find":2.7525773196},"movable_seat":{"overall":2.6887755102,"privacy":2.3556701031,"crowd_level":2.9792746114,"comfort":2.6907216495,"scenery":2.6030927835,"lighting":3.2953367876,"ease_find":3.0362694301}}