{
    "name": "submission.json",
    "score": 3.0634965883821055,
    "privacy": 2.80541200658421,
    "crowd level": 3.1699793009857897,
    "comfort": 3.126333271938947,
    "scenery": 2.8059509710431576,
    "lighting": 3.454949894209474,
    "ease of access": 2.95873165148
}