acceptance_alternate_seat,count
no,0.09565217391304348
yes,0.9043478260869565
