,discussion cubicles,windowed seats,diagonal seats,cubicle seats,4-man tables,8-man tables,soft seats,sofa,moveable seats
1.0,0.07657657657657657,0.08888888888888889,0.09545454545454546,0.05714285714285714,0.14215686274509803,0.18316831683168316,0.09813084112149532,0.15763546798029557,0.20689655172413793
2.0,0.15765765765765766,0.14222222222222222,0.14545454545454545,0.0761904761904762,0.14215686274509803,0.23267326732673269,0.14018691588785046,0.16748768472906403,0.22660098522167488
3.0,0.31981981981981983,0.3333333333333333,0.33181818181818185,0.21428571428571427,0.3431372549019608,0.31683168316831684,0.29439252336448596,0.3103448275862069,0.33004926108374383
4.0,0.24774774774774774,0.28,0.29545454545454547,0.40476190476190477,0.25980392156862747,0.18811881188118812,0.32710280373831774,0.26108374384236455,0.1625615763546798
5.0,0.1981981981981982,0.15555555555555556,0.1318181818181818,0.24761904761904763,0.11274509803921569,0.07920792079207921,0.14018691588785046,0.10344827586206896,0.07389162561576355
