,discussion cubicles,windowed seats,diagonal seats,cubicle seats,4-man tables,8-man tables,soft seats,sofa,moveable seats
1.0,0.07488986784140969,0.09565217391304348,0.09777777777777778,0.06046511627906977,0.14354066985645933,0.18840579710144928,0.1004566210045662,0.16346153846153846,0.20673076923076922
2.0,0.15418502202643172,0.1391304347826087,0.1511111111111111,0.07441860465116279,0.14354066985645933,0.22705314009661837,0.1461187214611872,0.16826923076923078,0.22596153846153846
3.0,0.32599118942731276,0.33043478260869563,0.3288888888888889,0.22325581395348837,0.3444976076555024,0.32367149758454106,0.2922374429223744,0.3125,0.3317307692307692
4.0,0.24669603524229075,0.2782608695652174,0.29333333333333333,0.4,0.2583732057416268,0.18357487922705315,0.3242009132420091,0.2548076923076923,0.16346153846153846
5.0,0.19823788546255505,0.1565217391304348,0.1288888888888889,0.24186046511627907,0.11004784688995216,0.07729468599033816,0.136986301369863,0.10096153846153846,0.07211538461538461
